User_id,User_first_name,User_last_name,User_email
898896,Teresa,Perry,Teresa.Perry@pratt-williams.biz
543175,Gabriela,Turner,Gabriela.Turner@ryan.com
960765,Catherine,Leach,Catherine.Leach@vargas.net
991227,Edward,Lewis,Edward.Lewis@swanson.com
694406,Russell,Padilla,Russell.Padilla@johnson.com
822656,Emily,Carpenter,Emily.Carpenter@hall.net
781218,Gerald,Wilcox,Gerald.Wilcox@martinez-thompson.com
399734,Monica,Schneider,Monica.Schneider@thomas-johnson.info
275802,Danielle,Ferguson,Danielle.Ferguson@byrd-nelson.com
939395,Jane,Leon,Jane.Leon@combs-dawson.com
830246,Levi,Ward,Levi.Ward@house-crawford.com
710440,Amanda,Casey,Amanda.Casey@jackson.com
742452,Hector,Mcguire,Hector.Mcguire@snyder.com
798087,William,Bennett,William.Bennett@andrews.com
215892,David,Austin,David.Austin@henry-kelly.net
176826,Adam,Kline,Adam.Kline@vincent.com
237285,Dakota,Martinez,Dakota.Martinez@johnson.net
512319,Gabrielle,Sullivan,Gabrielle.Sullivan@moore.com
868857,Stephanie,Hamilton,Stephanie.Hamilton@howard-murphy.com
303649,Thomas,Valenzuela,Thomas.Valenzuela@anderson.org
288359,Andrew,Rivers,Andrew.Rivers@baker.biz
319436,Julie,Weber,Julie.Weber@pacheco.com
328351,Jake,Henderson,Jake.Henderson@benson.com
366024,Mark,Bruce,Mark.Bruce@ramos-cook.com
520328,Carrie,Lozano,Carrie.Lozano@meadows-anthony.com
836741,Nicholas,White,Nicholas.White@larson.net
278958,Nathan,Ortega,Nathan.Ortega@howell-tucker.com
36020,Brian,Morrow,Brian.Morrow@grant.com
67100,Sara,Beck,Sara.Beck@harris.biz
375767,Patricia,Davis,Patricia.Davis@johnson-vaughn.com
733752,Alisha,Hensley,Alisha.Hensley@carlson-goodman.com
733842,Nicole,Baker,Nicole.Baker@mcknight.com
654051,Anthony,Shepherd,Anthony.Shepherd@stokes.com
645796,Kimberly,Jones,Kimberly.Jones@huerta.com
422876,Michael,Chapman,Michael.Chapman@schneider.net
990777,Jeffrey,Hudson,Jeffrey.Hudson@stephens-brown.com
843182,Wesley,Miller,Wesley.Miller@robinson.com
426929,Keith,Vazquez,Keith.Vazquez@burns.net
508183,Karen,Burton,Karen.Burton@scott-coleman.com
78872,Brittany,Morgan,Brittany.Morgan@gonzales.com
508374,Roger,Ford,Roger.Ford@lopez-taylor.com
30348,Lisa,Peterson,Lisa.Peterson@bradford-robbins.com
634333,Dustin,Kelley,Dustin.Kelley@best-shepherd.biz
717857,Kimberly,Carpenter,Kimberly.Carpenter@wheeler.net
702187,Samantha,Tucker,Samantha.Tucker@santiago.org
122345,Andres,Miller,Andres.Miller@smith-figueroa.com
75853,Bobby,Wallace,Bobby.Wallace@frazier.com
968094,Jonathan,Irwin,Jonathan.Irwin@fields.info
578699,Melissa,Washington,Melissa.Washington@davis.org
383397,Jody,Gardner,Jody.Gardner@ortega-lam.biz
916739,John,Andrews,John.Andrews@chambers.net
28167,Brandon,Johnson,Brandon.Johnson@hogan.com
220079,Michael,Moody,Michael.Moody@smith.com
915010,Tina,Wright,Tina.Wright@johnson.com
60043,Thomas,Davis,Thomas.Davis@cameron.com
836195,Dylan,Wong,Dylan.Wong@ramirez.com
603636,Leroy,Thompson,Leroy.Thompson@monroe.biz
438261,Richard,White,Richard.White@jones.info
320919,Jonathan,Gregory,Jonathan.Gregory@long-santiago.com
324427,Andrea,Smith,Andrea.Smith@cooper.com
235568,Yolanda,Thompson,Yolanda.Thompson@jones.com
997068,Joseph,Woodward,Joseph.Woodward@davenport-hughes.net
494983,Anthony,Edwards,Anthony.Edwards@phillips.com
312087,Amy,Kim,Amy.Kim@barr.net
62536,Gabriel,Mays,Gabriel.Mays@hernandez.com
204522,Kimberly,Wilson,Kimberly.Wilson@matthews.com
974018,John,Bowen,John.Bowen@potts.com
242003,Anthony,Christensen,Anthony.Christensen@pena.org
319951,Kristin,King,Kristin.King@taylor.com
626072,Timothy,Hoffman,Timothy.Hoffman@velasquez-maynard.biz
689835,David,Gibson,David.Gibson@morris-newman.com
339017,Barbara,Osborne,Barbara.Osborne@fisher-jackson.com
767787,Michael,Marshall,Michael.Marshall@henderson.net
55295,Yvonne,Walker,Yvonne.Walker@tran-davis.com
978045,Paul,Sullivan,Paul.Sullivan@taylor.org
753983,Diana,Roach,Diana.Roach@carter.biz
747960,Melissa,Dorsey,Melissa.Dorsey@norris-waters.info
170769,Linda,Cooper,Linda.Cooper@freeman.info
779551,Carrie,Little,Carrie.Little@holland.biz
634165,Brian,Lester,Brian.Lester@young.com
677241,Michelle,Allison,Michelle.Allison@fuentes.com
123890,Darren,Rodgers,Darren.Rodgers@reynolds.net
108422,Courtney,Hall,Courtney.Hall@nash-jones.org
506595,Samuel,Perry,Samuel.Perry@turner-ryan.com
978090,Sara,Duncan,Sara.Duncan@rodgers-allen.info
852395,Amy,Hunter,Amy.Hunter@alvarez-dorsey.net
228225,Carol,Smith,Carol.Smith@mcfarland.com
995394,Michael,Anderson,Michael.Anderson@long.com
899647,Heather,Perez,Heather.Perez@marshall-harding.org
516776,Amanda,Harrison,Amanda.Harrison@rodriguez.com
285396,Margaret,Nicholson,Margaret.Nicholson@torres-thompson.net
997315,Michelle,Sparks,Michelle.Sparks@martinez.net
199836,Kayla,Herman,Kayla.Herman@davis.com
747368,Mark,Mueller,Mark.Mueller@johnston.com
61694,Whitney,Gibbs,Whitney.Gibbs@chaney.org
259118,Micheal,Brown,Micheal.Brown@davis.biz
492243,Tracie,Barnes,Tracie.Barnes@watson.biz
324190,Rebecca,Hernandez,Rebecca.Hernandez@johnston.com
445942,Steven,Tyler,Steven.Tyler@hancock.com
625146,April,Garcia,April.Garcia@johnson.com
565880,Lisa,Flores,Lisa.Flores@hamilton-kennedy.com
387634,Bridget,Young,Bridget.Young@berry-roman.com
117266,Robert,Burke,Robert.Burke@campbell-jacobs.biz
724644,Zachary,Barker,Zachary.Barker@peterson.com
49750,James,Anderson,James.Anderson@mitchell-crosby.com
529469,Elizabeth,Robinson,Elizabeth.Robinson@petersen-hernandez.biz
644608,Leah,Gregory,Leah.Gregory@kim-morales.info
196113,Andre,Medina,Andre.Medina@maldonado.net
537587,Stuart,Hughes,Stuart.Hughes@lee-chavez.com
476598,Kara,Hardin,Kara.Hardin@carroll-beck.com
830011,Courtney,Nicholson,Courtney.Nicholson@williams-kaufman.biz
787896,Jimmy,Ray,Jimmy.Ray@washington.org
261161,Sherry,Ortiz,Sherry.Ortiz@ramirez-frey.com
154588,Teresa,Thomas,Teresa.Thomas@perry.com
879902,Kurt,Nguyen,Kurt.Nguyen@warren.com
578061,Ashley,Rodriguez,Ashley.Rodriguez@kelly-kirby.biz
236402,Andrew,Hall,Andrew.Hall@carroll.com
634683,Eric,Schaefer,Eric.Schaefer@patrick.org
24678,Heidi,Sanders,Heidi.Sanders@pennington.biz
259148,Adrian,Robinson,Adrian.Robinson@vargas.com
435574,Andrea,Garcia,Andrea.Garcia@miller.com
512591,Nancy,Hayes,Nancy.Hayes@hicks.com
853638,Jesse,Bell,Jesse.Bell@byrd-hester.com
569736,Jessica,Miller,Jessica.Miller@lynch.com
563904,Hannah,Bullock,Hannah.Bullock@landry.com
587294,Anthony,King,Anthony.King@jones.com
835239,Wayne,Pena,Wayne.Pena@sanchez-herman.com
397,Dakota,Smith,Dakota.Smith@liu-kim.org
108709,Jeffrey,Morton,Jeffrey.Morton@lindsey.com
658907,Aaron,Tucker,Aaron.Tucker@holt.com
525680,Jaclyn,Garcia,Jaclyn.Garcia@escobar-bailey.biz
549412,Ashley,Cox,Ashley.Cox@bryan-rivera.org
903662,Phillip,Harris,Phillip.Harris@conway-murphy.biz
755338,Mary,Kelley,Mary.Kelley@craig.org
408582,Keith,Peters,Keith.Peters@bryant-hunter.biz
845908,Brenda,Keith,Brenda.Keith@simmons.com
513119,Amy,Paul,Amy.Paul@boyer.net
382824,Laura,Herrera,Laura.Herrera@jennings.biz
768507,Miguel,Martin,Miguel.Martin@thornton-fitzpatrick.biz
148687,James,Thomas,James.Thomas@hess.com
713625,Michael,Williams,Michael.Williams@berg-ho.biz
616960,Christina,Fitzgerald,Christina.Fitzgerald@moore.com
430555,Brett,Saunders,Brett.Saunders@harris-mason.com
399456,Jessica,Galloway,Jessica.Galloway@fuentes-adams.com
633624,Bryan,Jones,Bryan.Jones@goodman-serrano.info
445732,George,White,George.White@williamson.biz
743236,Stacy,Richardson,Stacy.Richardson@lopez.com
741398,Jack,Jackson,Jack.Jackson@henderson-anderson.biz
552496,Joseph,Holmes,Joseph.Holmes@mccarthy.com
766640,Christina,Allen,Christina.Allen@forbes.com
867318,Edward,Bullock,Edward.Bullock@adams.info
417708,Linda,Mcclure,Linda.Mcclure@hunter.com
806593,Jason,Smith,Jason.Smith@zamora.org
428104,Denise,Miller,Denise.Miller@jones-anthony.com
769173,Shaun,Lambert,Shaun.Lambert@beasley.com
576293,Tiffany,Mitchell,Tiffany.Mitchell@reed-smith.com
253063,Kevin,Lee,Kevin.Lee@bullock.net
355447,Alexander,Fleming,Alexander.Fleming@peterson.info
539665,Austin,Chandler,Austin.Chandler@harris.com
725860,Michael,Terrell,Michael.Terrell@rios.com
829644,Daniel,Hines,Daniel.Hines@bryant-howell.com
683096,Edgar,Ryan,Edgar.Ryan@carey.com
51146,Ryan,Banks,Ryan.Banks@smith.com
378930,Jodi,Bowman,Jodi.Bowman@raymond.com
509440,Jean,Miller,Jean.Miller@jones.net
346471,James,Price,James.Price@harrington.biz
88252,Jesse,Vega,Jesse.Vega@wallace-taylor.biz
264932,Renee,Snyder,Renee.Snyder@beck.com
316687,Lisa,Powell,Lisa.Powell@benjamin.info
476385,Karen,Vang,Karen.Vang@martin.org
747335,Katherine,Hernandez,Katherine.Hernandez@harrison.info
157432,Terri,Rasmussen,Terri.Rasmussen@hamilton-baker.com
356323,Robert,Singh,Robert.Singh@carter.com
127589,Laura,Dennis,Laura.Dennis@fernandez.info
453834,Ashley,Medina,Ashley.Medina@brown.biz
51964,Jose,Mooney,Jose.Mooney@griffith.com
680677,Benjamin,Lewis,Benjamin.Lewis@phillips.com
521329,Steven,Perez,Steven.Perez@black.com
696493,Chris,Smith,Chris.Smith@lee.com
487764,Edward,Miller,Edward.Miller@rice-mcdonald.com
948849,Michael,House,Michael.House@dunn.net
923901,Jacqueline,Black,Jacqueline.Black@davis.info
816931,Danielle,Galvan,Danielle.Galvan@reese.com
18387,James,Jones,James.Jones@coleman.com
151393,Justin,Moore,Justin.Moore@rangel-alexander.com
530679,Kara,Quinn,Kara.Quinn@brown.org
892861,Michele,Dominguez,Michele.Dominguez@lewis.org
975405,Kenneth,Robinson,Kenneth.Robinson@long.info
753189,Angela,Jennings,Angela.Jennings@mcdowell.net
107202,Wendy,Farrell,Wendy.Farrell@morgan.net
545862,Alejandro,Harper,Alejandro.Harper@young.org
36634,Tammy,Williams,Tammy.Williams@adams.com
338285,Michael,Norman,Michael.Norman@owens.com
151180,Kimberly,Tucker,Kimberly.Tucker@smith.com
931169,Samuel,Jackson,Samuel.Jackson@smith.com
600238,Sarah,Dunlap,Sarah.Dunlap@baxter.com
16817,Kayla,Bruce,Kayla.Bruce@parker.info
766948,Duane,Bush,Duane.Bush@smith.com
941846,Patricia,Conley,Patricia.Conley@anderson.org
732470,Raymond,Gonzalez,Raymond.Gonzalez@lee.biz
881411,Jacob,Ingram,Jacob.Ingram@kelly.com
836211,Rebecca,Wells,Rebecca.Wells@ruiz.com
329883,Melanie,Combs,Melanie.Combs@moore-copeland.com
302836,Natasha,Frost,Natasha.Frost@hernandez-sparks.com
629014,Jocelyn,Hunt,Jocelyn.Hunt@snyder.com
631041,Amber,Perez,Amber.Perez@diaz.com
931464,Sheila,Taylor,Sheila.Taylor@adams.org
931530,Lisa,Bush,Lisa.Bush@dickson.net
360124,Karen,Boyle,Karen.Boyle@white-nelson.com
629247,Francisco,Woods,Francisco.Woods@silva.com
702296,Christina,Martinez,Christina.Martinez@smith.com
294690,Gloria,Cisneros,Gloria.Cisneros@carrillo.biz
309344,Rhonda,Johnson,Rhonda.Johnson@simmons.com
461599,Jeremy,Nelson,Jeremy.Nelson@blankenship-hall.com
663333,Courtney,Lawson,Courtney.Lawson@ortiz.info
782700,Leah,Flores,Leah.Flores@kim-wilson.com
760732,Anthony,Myers,Anthony.Myers@jackson-adams.net
231583,Tony,Elliott,Tony.Elliott@fitzpatrick.com
321408,Jillian,Brown,Jillian.Brown@campos.com
608567,Jennifer,Smith,Jennifer.Smith@goodwin-lowe.net
60511,Patrick,Wall,Patrick.Wall@riley.org
922971,Tracey,Williams,Tracey.Williams@riddle.com
999731,Michael,Jennings,Michael.Jennings@thomas.net
808249,Crystal,Evans,Crystal.Evans@reynolds.info
945789,Mark,Jackson,Mark.Jackson@reid-cross.com
464995,Shannon,Torres,Shannon.Torres@hester-gibson.net
759554,Christopher,Smith,Christopher.Smith@johnson-brown.net
428706,Daniel,Powell,Daniel.Powell@soto.biz
247394,Kyle,Peterson,Kyle.Peterson@butler.com
47638,Dana,Espinoza,Dana.Espinoza@lee-garza.com
201349,Samantha,Gibbs,Samantha.Gibbs@chapman.com
948996,Olivia,Woods,Olivia.Woods@gray-mcdaniel.org
216776,Michael,Parks,Michael.Parks@jensen.com
567305,Jesse,Pope,Jesse.Pope@david.com
49079,Roberto,Mccarthy,Roberto.Mccarthy@williams-williams.com
909958,Joseph,Dawson,Joseph.Dawson@pham.com
35626,George,Peterson,George.Peterson@grimes.com
456500,Brittany,Conner,Brittany.Conner@conway.com
7406,Jill,Church,Jill.Church@cortez.com
15874,Natalie,Sanchez,Natalie.Sanchez@thomas-becker.com
489812,James,Larson,James.Larson@torres.com
70609,John,Vargas,John.Vargas@jackson-brown.biz
141252,Teresa,Jackson,Teresa.Jackson@barnes.biz
336232,Deborah,Garcia,Deborah.Garcia@rodriguez.com
850374,Ian,Valencia,Ian.Valencia@miller.com
500720,Jodi,Valdez,Jodi.Valdez@pratt-williams.net
962638,Kristen,Reyes,Kristen.Reyes@moore.org
773896,Julia,Waters,Julia.Waters@estes.com
326736,Jesse,Bradley,Jesse.Bradley@williams-parrish.com
694447,Janice,Thomas,Janice.Thomas@cox.biz
331925,Jose,Parker,Jose.Parker@smith.com
907717,Ryan,Booker,Ryan.Booker@jackson-quinn.com
317135,Calvin,Gibbs,Calvin.Gibbs@hendrix.net
460845,Patricia,Roberson,Patricia.Roberson@yang.net
271256,Jonathan,Smith,Jonathan.Smith@davis.com
189148,Dan,Stewart,Dan.Stewart@sanders.com
832213,Craig,Porter,Craig.Porter@miller-deleon.org
938974,Eric,Page,Eric.Page@trujillo-mason.info
388367,James,Williams,James.Williams@miller-koch.biz
53627,Elizabeth,Davis,Elizabeth.Davis@mcdonald-morris.com
582454,Amy,Anderson,Amy.Anderson@best.com
138110,Jose,Peck,Jose.Peck@hayes.com
402108,Linda,Scott,Linda.Scott@perry.com
58071,Derrick,Thomas,Derrick.Thomas@watson.net
532381,Lisa,Reyes,Lisa.Reyes@clark.com
292676,Shawn,Martinez,Shawn.Martinez@barnett.info
645482,Joseph,Perez,Joseph.Perez@barber.com
637543,Jade,Clark,Jade.Clark@miller.com
926441,Patrick,Leon,Patrick.Leon@fernandez.com
863723,Shelby,Phelps,Shelby.Phelps@kirk-dodson.com
877742,Kristen,Gentry,Kristen.Gentry@gray-ballard.info
920144,Ian,Barrett,Ian.Barrett@curtis.com
453160,Lori,Hood,Lori.Hood@jones.com
295726,Paul,Christensen,Paul.Christensen@hayes-wilson.com
267264,Jessica,Martin,Jessica.Martin@singleton.info
133002,Vincent,Henderson,Vincent.Henderson@castillo-hanson.com
570762,Johnathan,Joyce,Johnathan.Joyce@russell-bell.info
807138,Jane,Burke,Jane.Burke@taylor.com
821672,Jeffery,Smith,Jeffery.Smith@shepard.net
142032,Henry,Patel,Henry.Patel@ward.com
912353,Rebekah,Anderson,Rebekah.Anderson@carter.com
895210,Cynthia,Lopez,Cynthia.Lopez@gilbert.net
256056,Alexandra,Carr,Alexandra.Carr@parker-bennett.com
548772,Andre,Acosta,Andre.Acosta@olson.com
748972,Danielle,Johnston,Danielle.Johnston@wallace-jones.biz
532323,Jeffrey,Johnson,Jeffrey.Johnson@morales.net
383342,John,Campbell,John.Campbell@sims-gibbs.com
37693,John,Reed,John.Reed@silva.net
358798,Catherine,Moore,Catherine.Moore@brown.com
790510,Michael,Potter,Michael.Potter@matthews-hughes.com
527305,James,Santos,James.Santos@glover.com
656026,Derek,Powell,Derek.Powell@smith.com
824286,Amanda,Ramirez,Amanda.Ramirez@fleming.biz
510825,Hunter,Gardner,Hunter.Gardner@gutierrez-schneider.com
82916,Paul,Dickerson,Paul.Dickerson@alexander-shaw.net
685265,Stephen,Weaver,Stephen.Weaver@ramirez.net
958016,Robin,Wall,Robin.Wall@carter-woodward.com
501548,Donna,Phillips,Donna.Phillips@thompson.com
273518,Jimmy,Mclaughlin,Jimmy.Mclaughlin@smith.com
69071,Stephanie,Perez,Stephanie.Perez@smith-franco.com
150720,Paul,Rose,Paul.Rose@shaw-hayes.com
336456,Dennis,Walton,Dennis.Walton@thompson.org
300209,Ashley,Turner,Ashley.Turner@mccormick.com
700285,Tammy,Cook,Tammy.Cook@lawson.com
358732,Joe,Bell,Joe.Bell@adams.net
111499,Michelle,Mccarthy,Michelle.Mccarthy@fleming.com
677549,Samantha,Gordon,Samantha.Gordon@richardson.com
77741,Walter,Johnson,Walter.Johnson@smith.com
823513,Haley,Ali,Haley.Ali@payne-benson.com
303795,Sara,Jones,Sara.Jones@choi-mcintyre.biz
237639,Crystal,Mejia,Crystal.Mejia@torres-huang.info
872263,Rodney,Gallagher,Rodney.Gallagher@black.com
575364,Jason,Park,Jason.Park@ward.info
173889,Stephen,Johnson,Stephen.Johnson@brown-kim.com
901831,Cole,Myers,Cole.Myers@murphy.com
426613,Jeremy,Stephenson,Jeremy.Stephenson@martin.com
824112,Christine,Morris,Christine.Morris@alvarado.net
297022,Emily,Green,Emily.Green@stewart.info
864710,Kristen,Hill,Kristen.Hill@dean.biz
206857,Wesley,Lewis,Wesley.Lewis@bradley-mccarthy.com
237183,Judy,Hinton,Judy.Hinton@cortez.com
39448,Brian,Le,Brian.Le@krueger.com
668558,Jessica,Johnson,Jessica.Johnson@gutierrez.com
483722,Jennifer,Hampton,Jennifer.Hampton@ramos.com
359951,Nicole,Brown,Nicole.Brown@richardson.biz
318792,Albert,Orr,Albert.Orr@montgomery.net
2724,Thomas,Mitchell,Thomas.Mitchell@jones.org
808385,Joanna,Fields,Joanna.Fields@johnson-vang.info
633601,Joseph,Wilkinson,Joseph.Wilkinson@lewis.com
769190,David,Woods,David.Woods@booth.biz
92857,Laurie,Hess,Laurie.Hess@hall-salinas.com
378434,Ryan,Lopez,Ryan.Lopez@franklin.biz
729885,Christina,Castillo,Christina.Castillo@andrade.com
769613,Shane,Barrett,Shane.Barrett@mays.com
973471,Erica,Brown,Erica.Brown@brown-winters.net
661095,Jerry,Wilson,Jerry.Wilson@perez-jenkins.com
621531,Ann,Dixon,Ann.Dixon@potts-arellano.com
160329,Stephanie,Mcconnell,Stephanie.Mcconnell@richards.net
47971,Eric,Li,Eric.Li@johnson-heath.biz
658937,Lydia,Alvarado,Lydia.Alvarado@brown.net
571955,Lisa,Weaver,Lisa.Weaver@schwartz.biz
75182,Christine,Horne,Christine.Horne@lopez.info
135975,Hannah,Anthony,Hannah.Anthony@white.org
524859,Tammy,Williams,Tammy.Williams@reyes-owen.com
697775,Kaitlyn,Brown,Kaitlyn.Brown@blackwell.info
854769,Benjamin,Roman,Benjamin.Roman@stark.com
662285,Daniel,Turner,Daniel.Turner@carter.com
709839,Holly,Howell,Holly.Howell@weeks-smith.com
753733,Jeffery,Torres,Jeffery.Torres@anderson-figueroa.biz
629071,Michael,Taylor,Michael.Taylor@butler-ramos.org
807177,Christopher,Johnson,Christopher.Johnson@robinson-byrd.biz
55084,Stacey,Walters,Stacey.Walters@kim.net
336687,Amber,Warren,Amber.Warren@thompson-marshall.org
660452,Jason,Hood,Jason.Hood@brown-hall.com
190902,Aaron,Williams,Aaron.Williams@poole.com
115869,Jimmy,Thomas,Jimmy.Thomas@walker-anderson.com
608009,Brian,Hodges,Brian.Hodges@williams.com
178923,Shannon,Lynch,Shannon.Lynch@roy-evans.com
283449,Michele,Ortega,Michele.Ortega@pruitt.info
933640,Matthew,Hurst,Matthew.Hurst@flores.com
600195,Brittany,Hoffman,Brittany.Hoffman@kennedy.biz
154854,Jennifer,Zamora,Jennifer.Zamora@baker.net
781111,Seth,Jackson,Seth.Jackson@ibarra-white.net
744272,Leslie,Smith,Leslie.Smith@watkins-reynolds.com
826509,Antonio,Green,Antonio.Green@adams-santos.com
409245,Troy,Edwards,Troy.Edwards@hicks.com
197452,Sarah,Elliott,Sarah.Elliott@miller-frazier.net
214135,Melissa,Delgado,Melissa.Delgado@bennett.com
645785,Juan,Barnett,Juan.Barnett@levy-jackson.com
218953,Ann,Long,Ann.Long@patterson-rodriguez.com
78166,Jennifer,Berry,Jennifer.Berry@george.com
127199,David,Evans,David.Evans@mills-nelson.biz
101029,Michael,Perez,Michael.Perez@sloan.com
604137,Jose,Galvan,Jose.Galvan@robinson.com
356703,Christine,Jackson,Christine.Jackson@rangel.com
61700,James,Sanders,James.Sanders@alexander.biz
589757,Eric,Sanchez,Eric.Sanchez@davis.info
376544,Michael,Duke,Michael.Duke@hall-powell.com
225033,Allison,Perkins,Allison.Perkins@perry.info
263803,Kelly,Carroll,Kelly.Carroll@martin.org
183368,Sherri,Hudson,Sherri.Hudson@taylor.com
17185,John,Stuart,John.Stuart@sanchez-stevens.com
27654,Scott,Brewer,Scott.Brewer@diaz-rush.com
465063,Whitney,Ferguson,Whitney.Ferguson@kelly-harris.com
967558,Gabriella,Booth,Gabriella.Booth@gonzalez.com
270989,Rebecca,Pennington,Rebecca.Pennington@davis.info
398698,Alex,Evans,Alex.Evans@rodriguez.com
136935,David,Mcknight,David.Mcknight@hale-clarke.com
329179,Mary,Dominguez,Mary.Dominguez@garcia.info
500865,Thomas,Hester,Thomas.Hester@garcia.info
728721,Joseph,Roberts,Joseph.Roberts@vargas.org
966239,Carolyn,Rodriguez,Carolyn.Rodriguez@fuentes.com
259399,Richard,Curry,Richard.Curry@chaney.com
783732,Steven,Martinez,Steven.Martinez@charles.com
960894,Kristin,Kennedy,Kristin.Kennedy@carter-williams.com
9903,Kelsey,Parker,Kelsey.Parker@spencer.com
811883,Bradley,Rich,Bradley.Rich@holland.com
531366,Joseph,Howell,Joseph.Howell@alexander.com
695088,Kristina,Michael,Kristina.Michael@gaines.com
545757,John,Fisher,John.Fisher@shah.net
326958,Christine,Wright,Christine.Wright@reynolds.com
156402,Lisa,Ortiz,Lisa.Ortiz@coleman.com
246911,Kim,Wall,Kim.Wall@anderson-walter.biz
762009,Donna,Hunt,Donna.Hunt@williams.com
650976,Laura,Lynn,Laura.Lynn@jensen.org
26967,Monica,Russell,Monica.Russell@johnson.com
326534,Zachary,Barton,Zachary.Barton@perez.net
36186,Charles,Miller,Charles.Miller@bullock-ruiz.com
980570,Zachary,Harrison,Zachary.Harrison@miller.info
649611,Rodney,Griffin,Rodney.Griffin@martinez.com
694733,Brian,Smith,Brian.Smith@donaldson.biz
664326,Eric,Wright,Eric.Wright@schmidt.com
366083,Leslie,Stewart,Leslie.Stewart@ellis.com
832580,Edward,Spence,Edward.Spence@christensen-harris.com
314210,Jessica,Whitehead,Jessica.Whitehead@johnson.com
869815,Matthew,Bradshaw,Matthew.Bradshaw@randolph.com
885161,Sherry,Woods,Sherry.Woods@ballard.com
224092,Ruben,Jones,Ruben.Jones@ball.com
552093,Christopher,Vega,Christopher.Vega@cole-rogers.com
767313,Marie,Jackson,Marie.Jackson@dixon-gonzalez.com
718090,Helen,Hickman,Helen.Hickman@kramer-hamilton.com
725840,James,Cordova,James.Cordova@sherman.com
579637,Melanie,Jones,Melanie.Jones@roth-howard.info
755215,Donna,Cook,Donna.Cook@francis.com
358209,Angela,Pham,Angela.Pham@cunningham-nguyen.com
377127,Anthony,Armstrong,Anthony.Armstrong@johnson-mcdaniel.com
909729,Justin,Stewart,Justin.Stewart@powell.com
882014,Troy,Montgomery,Troy.Montgomery@hoffman.com
215465,Eugene,Green,Eugene.Green@hansen-horton.com
246335,Jerry,Patton,Jerry.Patton@mitchell.com
241599,Ashley,Hawkins,Ashley.Hawkins@reynolds.com
925815,Lauren,Goodwin,Lauren.Goodwin@anderson-duran.com
217166,Jason,Diaz,Jason.Diaz@garcia.com
470353,Tina,Williamson,Tina.Williamson@joseph.com
622290,Victoria,Williams,Victoria.Williams@davis.org
186831,Christina,Mccarthy,Christina.Mccarthy@ramirez.com
636048,Lisa,Brown,Lisa.Brown@davis-becker.com
538178,Carly,Webster,Carly.Webster@diaz-welch.info
536618,Cynthia,Brown,Cynthia.Brown@fisher.com
955557,Jessica,Jenkins,Jessica.Jenkins@anderson-ponce.com
805120,Christine,Salazar,Christine.Salazar@chavez.com
692957,Daniel,Hansen,Daniel.Hansen@crawford.com
53971,Cameron,Rivera,Cameron.Rivera@callahan-gonzalez.com
908786,Brenda,Anderson,Brenda.Anderson@hinton.com
601812,Courtney,Elliott,Courtney.Elliott@callahan.net
344860,Justin,Warren,Justin.Warren@bell.info
325146,Charles,Thomas,Charles.Thomas@russell.com
862780,Matthew,Cohen,Matthew.Cohen@spencer.com
334955,James,Wise,James.Wise@thompson.com
436586,Jill,Dominguez,Jill.Dominguez@burgess.com
470296,Ronald,Gutierrez,Ronald.Gutierrez@williams-ramirez.com
353053,Jessica,Smith,Jessica.Smith@chung-howard.com
289633,Stephanie,Johnson,Stephanie.Johnson@ballard.com
660741,Dominic,Horn,Dominic.Horn@brown.com
667598,Christopher,Thompson,Christopher.Thompson@horn-hopkins.com
243152,Scott,Martinez,Scott.Martinez@winters-crawford.biz
601486,Danielle,King,Danielle.King@lewis.com
175740,Paul,Harris,Paul.Harris@carson.info
491108,Stephanie,Buck,Stephanie.Buck@moody.info
391174,Bruce,Curtis,Bruce.Curtis@myers.com
974339,Karen,Rodgers,Karen.Rodgers@potts-jones.com
580536,Ashley,Brown,Ashley.Brown@willis.com
215266,Harry,Martinez,Harry.Martinez@mccullough.info
309992,Cheryl,Williamson,Cheryl.Williamson@dawson.com
282013,Scott,Hudson,Scott.Hudson@richardson.org
437000,Jennifer,Hanson,Jennifer.Hanson@martinez.info
513662,Sharon,Price,Sharon.Price@gonzalez.biz
251921,Charles,Richards,Charles.Richards@dennis-padilla.com
289597,Isaac,Collins,Isaac.Collins@martinez.biz
64643,Samuel,Gonzalez,Samuel.Gonzalez@fowler.com
780907,Andrea,Holmes,Andrea.Holmes@lee.net
546537,Garrett,Richardson,Garrett.Richardson@mitchell-hartman.com
904084,Michelle,Jordan,Michelle.Jordan@lambert.com
766699,Robert,Bell,Robert.Bell@anderson.info
386289,Tamara,Fitzgerald,Tamara.Fitzgerald@martin-clements.org
953930,Daniel,Hall,Daniel.Hall@schmidt.com
640186,William,Guerrero,William.Guerrero@martin-henry.com
718488,David,Harris,David.Harris@williams-aguilar.com
558716,Shelby,Chapman,Shelby.Chapman@smith-ross.com
819381,Daniel,Armstrong,Daniel.Armstrong@edwards-brown.info
873330,Cassandra,Turner,Cassandra.Turner@barron-robinson.biz
548726,Jack,Davis,Jack.Davis@foley-franklin.info
705411,Scott,Faulkner,Scott.Faulkner@brandt.com
695318,Mark,Tucker,Mark.Tucker@taylor.com
844569,Todd,Henderson,Todd.Henderson@beck.info
42174,Ryan,Hodge,Ryan.Hodge@blackburn.net
578055,Jeffrey,Ramirez,Jeffrey.Ramirez@henry.org
697654,Tom,Rogers,Tom.Rogers@ramsey.com
852984,Teresa,Davidson,Teresa.Davidson@garcia.com
587359,David,Ruiz,David.Ruiz@rosario.info
475681,Chris,Coffey,Chris.Coffey@rogers.com
769262,Charles,White,Charles.White@butler-lopez.com
751607,Charles,Butler,Charles.Butler@johnson-rollins.com
150155,Misty,Mckenzie,Misty.Mckenzie@hamilton.info
277396,Nicole,Beck,Nicole.Beck@watkins.info
394052,Robin,Bean,Robin.Bean@martin.com
492423,Kyle,Lopez,Kyle.Lopez@bowers-garcia.com
177437,Caitlyn,Harper,Caitlyn.Harper@li.com
656545,Clarence,Sanchez,Clarence.Sanchez@banks.net
64404,Jacob,Rogers,Jacob.Rogers@reyes.com
599721,Vanessa,Owens,Vanessa.Owens@valentine-clark.biz
859403,Michael,Gomez,Michael.Gomez@fowler-russo.biz
486266,Melinda,Copeland,Melinda.Copeland@lambert.com
648952,Jennifer,James,Jennifer.James@clayton.com
555213,Richard,Thomas,Richard.Thomas@allen-harrison.com
282151,Martha,Jarvis,Martha.Jarvis@thornton-rosales.net
827068,Travis,Garcia,Travis.Garcia@gray.com
148914,Ronald,Dyer,Ronald.Dyer@daniel-meyer.com
531813,Robert,Rice,Robert.Rice@pineda.com
611953,Jamie,Burgess,Jamie.Burgess@miller.net
770783,Karen,Vazquez,Karen.Vazquez@nguyen-lucero.com
400286,William,Garcia,William.Garcia@cox.net
313139,Christopher,Floyd,Christopher.Floyd@stanley-torres.info
147961,Paul,Lane,Paul.Lane@lozano.com
38499,Anne,Elliott,Anne.Elliott@williams.info
195085,Rhonda,Lindsey,Rhonda.Lindsey@gay.com
751263,Paul,Walker,Paul.Walker@rogers.info
133093,Stacey,Anderson,Stacey.Anderson@garcia.com
660690,Pamela,Ward,Pamela.Ward@fletcher.com
803666,Virginia,Young,Virginia.Young@townsend.biz
632827,Megan,Weaver,Megan.Weaver@gordon.com
520460,Christopher,Ross,Christopher.Ross@patterson.net
510396,Wanda,Christensen,Wanda.Christensen@levy.com
37890,Rebecca,Cardenas,Rebecca.Cardenas@mcdonald.biz
168383,Adam,Booth,Adam.Booth@williamson.net
524937,Colleen,Pratt,Colleen.Pratt@martinez.com
29458,Mark,Mcdonald,Mark.Mcdonald@mitchell-buchanan.org
686720,Matthew,Henderson,Matthew.Henderson@griffin-cooper.info
191096,Nancy,Burke,Nancy.Burke@smith.org
762128,Eric,Bautista,Eric.Bautista@short.com
744028,Ashley,Jackson,Ashley.Jackson@barron-baker.com
687566,Ariana,Johnson,Ariana.Johnson@moran.info
822902,Ellen,Sawyer,Ellen.Sawyer@koch.com
644163,Timothy,Brady,Timothy.Brady@ruiz.com
348881,Adam,Baker,Adam.Baker@alvarez-clayton.biz
163652,Joseph,Terrell,Joseph.Terrell@fernandez.com
67176,Brooke,Rivers,Brooke.Rivers@elliott.info
826760,Sheri,Hernandez,Sheri.Hernandez@holmes.com
833150,Lauren,Rogers,Lauren.Rogers@jones.org
569779,Anthony,Clarke,Anthony.Clarke@hunt.info
377980,Alex,Parks,Alex.Parks@bright.com
209351,Heather,Wilson,Heather.Wilson@lara.com
803919,Gabrielle,Gilmore,Gabrielle.Gilmore@holt.com
126470,Kristin,Hall,Kristin.Hall@copeland.com
164020,Manuel,Donaldson,Manuel.Donaldson@james.com
110751,Ronald,Mcmillan,Ronald.Mcmillan@meyer-mitchell.com
943343,Daniel,Wilson,Daniel.Wilson@sanchez.com
939454,Pam,Rogers,Pam.Rogers@smith-pittman.com
764695,Lauren,Williams,Lauren.Williams@faulkner.com
538991,Jared,Mitchell,Jared.Mitchell@myers-bennett.com
777696,Andrea,Lewis,Andrea.Lewis@lee-alexander.com
100681,Cindy,Hardy,Cindy.Hardy@morales.net
150960,Christine,Hart,Christine.Hart@ryan.com
840074,Alec,Flores,Alec.Flores@lloyd.com
968223,Kevin,Le,Kevin.Le@beasley-mann.biz
215335,Jason,Johnson,Jason.Johnson@sanders.info
361042,Laura,Rogers,Laura.Rogers@jones.biz
910956,Teresa,Christensen,Teresa.Christensen@roberts.com
52525,Tyler,Smith,Tyler.Smith@peters.com
494114,Cameron,Morgan,Cameron.Morgan@perez.com
519227,Andre,Henderson,Andre.Henderson@savage-chambers.org
201903,Robert,Parker,Robert.Parker@ortiz-davis.net
194580,Erica,Hernandez,Erica.Hernandez@barton.com
927826,Michael,Walker,Michael.Walker@pineda.org
658695,Benjamin,Carter,Benjamin.Carter@johnson.com
415780,Jack,Frederick,Jack.Frederick@marsh-smith.info
598687,Travis,Myers,Travis.Myers@jackson.com
973946,David,Powell,David.Powell@stevens.com
139955,Evelyn,Martin,Evelyn.Martin@lawrence-campbell.com
851538,Cody,Flynn,Cody.Flynn@gray.biz
679623,Megan,Buchanan,Megan.Buchanan@martinez.com
102223,Laura,Peters,Laura.Peters@gibson-welch.com
816192,John,Chandler,John.Chandler@johnson.com
573330,Tim,Scott,Tim.Scott@sandoval-brown.biz
761618,Jared,Bishop,Jared.Bishop@jones-moore.biz
613694,Albert,Arnold,Albert.Arnold@wilson.info
290329,Jason,Garrett,Jason.Garrett@lee.biz
35769,Trevor,Cruz,Trevor.Cruz@choi.com
394953,Michelle,Parker,Michelle.Parker@silva.com
460241,Terri,Crawford,Terri.Crawford@walker.com
832870,Christine,Washington,Christine.Washington@parsons.com
231104,Rachel,Perry,Rachel.Perry@melton.net
613364,Ana,Chandler,Ana.Chandler@bell.com
75132,Heather,Andrews,Heather.Andrews@walker.info
281722,Jennifer,Lee,Jennifer.Lee@smith-coleman.biz
546532,Anna,Flores,Anna.Flores@chambers-caldwell.info
414540,Elizabeth,Holt,Elizabeth.Holt@gordon.com
146609,Mary,Jackson,Mary.Jackson@oconnor.biz
531882,Alexandria,Reid,Alexandria.Reid@horton-martin.biz
815199,Stephen,Melton,Stephen.Melton@williams.com
832701,Barry,Montoya,Barry.Montoya@garza.org
641875,Brooke,Clay,Brooke.Clay@hart-hancock.org
483348,Mary,Morris,Mary.Morris@rodriguez.info
714422,Howard,Martin,Howard.Martin@santiago.com
627058,Maria,Taylor,Maria.Taylor@mullen.com
438319,Christopher,Garcia,Christopher.Garcia@harris.biz
415188,Jason,Gonzales,Jason.Gonzales@landry-webb.com
459815,Stephanie,Johnson,Stephanie.Johnson@nichols-thomas.biz
668387,Nicholas,Keith,Nicholas.Keith@morgan.net
152826,Andrea,Cline,Andrea.Cline@hall.com
995358,Michelle,Thompson,Michelle.Thompson@bowman.com
598684,Cindy,Jones,Cindy.Jones@mcdonald.info
74309,Charles,Meadows,Charles.Meadows@salinas.info
904587,Lauren,Burton,Lauren.Burton@singleton.com
563338,Edward,Prince,Edward.Prince@mack-reeves.biz
440648,Kevin,Simmons,Kevin.Simmons@collins.net
729737,Chelsea,Davis,Chelsea.Davis@ray-davies.com
340499,David,Jones,David.Jones@carter.info
913492,Anthony,Dickerson,Anthony.Dickerson@russell-lopez.com
427318,Randy,Marquez,Randy.Marquez@potts-scott.com
926582,Jamie,Williamson,Jamie.Williamson@brown.com
403074,Nicole,Rivera,Nicole.Rivera@frederick.com
131956,Taylor,Craig,Taylor.Craig@daugherty-hughes.biz
252871,Kevin,Hodges,Kevin.Hodges@chen.net
688995,Alexander,Payne,Alexander.Payne@boyer-zamora.org
888570,Frank,Brown,Frank.Brown@wong.com
40649,Kristen,Lee,Kristen.Lee@george-moore.com
768626,Jennifer,Castillo,Jennifer.Castillo@miller-contreras.com
710349,Betty,Branch,Betty.Branch@payne.com
727921,Austin,Parker,Austin.Parker@pruitt.com
401960,Allison,Lane,Allison.Lane@mccoy-brown.biz
679983,Jessica,Gutierrez,Jessica.Gutierrez@dillon.net
523286,Lynn,Russell,Lynn.Russell@white.com
654200,Lucas,Miller,Lucas.Miller@davis.info
384921,Alan,Carrillo,Alan.Carrillo@quinn.org
7829,Edward,Ross,Edward.Ross@norton.com
918276,Ann,Anderson,Ann.Anderson@collins-berry.com
383238,Jason,Hamilton,Jason.Hamilton@kidd.com
384738,Derrick,Chapman,Derrick.Chapman@mullins.com
227371,Scott,Bradshaw,Scott.Bradshaw@melendez.com
901264,Yvonne,Lopez,Yvonne.Lopez@osborne.net
839186,Caroline,Huerta,Caroline.Huerta@cervantes.com
838593,James,Lawrence,James.Lawrence@stein-richardson.com
241393,Patricia,Harris,Patricia.Harris@moon-watson.info
821499,David,Mcmillan,David.Mcmillan@jefferson-mitchell.org
668345,Jason,Harvey,Jason.Harvey@melendez.com
168127,James,Chandler,James.Chandler@wall.com
220260,Eric,Wilson,Eric.Wilson@bennett.com
630397,Laurie,Mcintyre,Laurie.Mcintyre@mendoza.com
713857,Bryan,Mack,Bryan.Mack@matthews-davila.com
67236,Glen,Johnston,Glen.Johnston@allen.com
184726,Alexander,Richmond,Alexander.Richmond@dyer.com
584206,Leah,Hill,Leah.Hill@taylor.biz
232662,Brittany,Bryant,Brittany.Bryant@garcia.biz
806909,Kayla,Nichols,Kayla.Nichols@graham-garcia.com
654436,Richard,Johnson,Richard.Johnson@edwards.com
552586,Benjamin,Olsen,Benjamin.Olsen@jones.com
652320,Ariana,Lee,Ariana.Lee@hooper.com
857171,Mark,Davis,Mark.Davis@whitney.com
716812,Jacqueline,Garrett,Jacqueline.Garrett@camacho.com
1306,Jacob,Hill,Jacob.Hill@stewart.biz
164379,Deborah,Wilson,Deborah.Wilson@scott.com
220170,David,Ruiz,David.Ruiz@baker.com
102751,Angela,Moran,Angela.Moran@horn.net
493990,Justin,Gillespie,Justin.Gillespie@farmer-salas.net
377622,Michelle,Scott,Michelle.Scott@hobbs-cameron.com
94956,Ruben,Rojas,Ruben.Rojas@moore.com
823921,Randy,Ross,Randy.Ross@perry.com
708617,Joshua,Park,Joshua.Park@jones.com
168993,Jamie,Perez,Jamie.Perez@johnson-brown.com
2388,Vincent,Brown,Vincent.Brown@davis.com
249490,Peter,Rodriguez,Peter.Rodriguez@brown.com
323545,Natalie,Simpson,Natalie.Simpson@parks-parsons.com
327123,Kelly,Mcdowell,Kelly.Mcdowell@guzman-burgess.com
264325,Deborah,Stewart,Deborah.Stewart@phillips-jennings.com
810931,Patrick,King,Patrick.King@wallace-greene.org
699605,Stephanie,Evans,Stephanie.Evans@marshall.net
295333,Zachary,Patel,Zachary.Patel@jenkins.com
166678,Beverly,Gomez,Beverly.Gomez@garcia.com
432270,Robert,Nguyen,Robert.Nguyen@spence.com
431683,Mark,Butler,Mark.Butler@anderson.com
305632,Darren,Wallace,Darren.Wallace@galloway.net
132804,Donald,Salinas,Donald.Salinas@lindsey.com
929554,Penny,Gregory,Penny.Gregory@lee.com
519369,Tony,Foster,Tony.Foster@brown.com
405833,Christy,Jackson,Christy.Jackson@torres.com
357800,Renee,Taylor,Renee.Taylor@dougherty.biz
560420,Caroline,Mitchell,Caroline.Mitchell@williams.com
410852,Jonathan,Cannon,Jonathan.Cannon@melton-parrish.com
511100,Derek,Jackson,Derek.Jackson@walker-calhoun.com
932873,Brian,Garcia,Brian.Garcia@mora.com
45518,Elizabeth,Brown,Elizabeth.Brown@ramsey-martin.com
429877,Alicia,Moore,Alicia.Moore@wells-shah.biz
389033,Rebecca,Solomon,Rebecca.Solomon@hunt-christensen.com
576871,Brian,Rice,Brian.Rice@gordon.com
956427,James,Mercer,James.Mercer@wright-jackson.com
224999,Andrea,Klein,Andrea.Klein@choi.com
769537,Laura,Herrera,Laura.Herrera@jones.com
37752,Johnny,Rangel,Johnny.Rangel@edwards.com
992825,Michelle,Peterson,Michelle.Peterson@schaefer.org
18491,Anna,Young,Anna.Young@duke.com
713098,Donald,Arroyo,Donald.Arroyo@gardner.info
820039,Andrew,Hughes,Andrew.Hughes@ryan.net
435384,Matthew,Herrera,Matthew.Herrera@holmes.com
802841,Sara,Roman,Sara.Roman@ramirez-sutton.com
524440,Jackie,Freeman,Jackie.Freeman@brown.com
335595,Jennifer,Miller,Jennifer.Miller@bolton-mccall.com
533752,Troy,Duncan,Troy.Duncan@thompson-perkins.org
796551,Sharon,Terrell,Sharon.Terrell@fox.com
368751,Donald,Wall,Donald.Wall@gonzales.org
789822,Kevin,Martin,Kevin.Martin@snyder.com
123251,John,Smith,John.Smith@underwood-flores.info
927608,Sonia,Ellis,Sonia.Ellis@lucero.info
112552,Crystal,Noble,Crystal.Noble@cuevas.info
719995,Christopher,Gallagher,Christopher.Gallagher@wilson.com
862407,Tracey,Munoz,Tracey.Munoz@blair.net
115737,Anthony,Reynolds,Anthony.Reynolds@clark-martinez.org
930460,Derrick,Wallace,Derrick.Wallace@davis-fitzgerald.com
999509,Jennifer,Jones,Jennifer.Jones@hall.org
371918,Robert,Johnson,Robert.Johnson@barrett.info
755500,Joshua,Flores,Joshua.Flores@mccarthy.com
827726,Joseph,Russell,Joseph.Russell@johnson.com
362206,Kelsey,Hooper,Kelsey.Hooper@gonzalez.net
471277,Elizabeth,Roberts,Elizabeth.Roberts@clayton-welch.org
945432,David,Myers,David.Myers@oliver-reese.net
478060,Bryan,Cox,Bryan.Cox@anderson-chavez.com
272555,Lauren,Brooks,Lauren.Brooks@cobb-torres.org
506784,Keith,Gordon,Keith.Gordon@gregory-hardy.com
792396,Amanda,Burke,Amanda.Burke@jones.com
848803,Marc,Tucker,Marc.Tucker@hall-cunningham.net
336805,Natasha,Bishop,Natasha.Bishop@brown-foster.com
283892,Larry,Nunez,Larry.Nunez@hancock.org
976836,Tracey,Hunt,Tracey.Hunt@mcguire.net
437973,Robert,Hamilton,Robert.Hamilton@mcmahon.com
899144,Michelle,Simmons,Michelle.Simmons@bennett.biz
709827,Tonya,Washington,Tonya.Washington@davis-taylor.info
683659,Megan,Mccarthy,Megan.Mccarthy@morris.com
850720,Patrick,Williams,Patrick.Williams@conley-morris.net
167720,Fred,Harmon,Fred.Harmon@dunlap-mcdonald.biz
610283,Marissa,Whitney,Marissa.Whitney@smith-gallegos.com
86195,Tammy,Bailey,Tammy.Bailey@bailey.com
331498,Robert,Morse,Robert.Morse@cohen.com
997998,Earl,Villa,Earl.Villa@waller.net
642452,Michelle,Stone,Michelle.Stone@singh-miller.org
39704,Thomas,Anderson,Thomas.Anderson@hernandez.com
256167,Evelyn,Oconnor,Evelyn.Oconnor@hernandez-crane.com
994803,Cheryl,Marks,Cheryl.Marks@morrow.com
91231,Kelsey,Jones,Kelsey.Jones@myers.net
564252,Anne,Wilson,Anne.Wilson@klein.info
434286,Doris,Blanchard,Doris.Blanchard@torres-robinson.com
779037,Hector,Carpenter,Hector.Carpenter@hurst-lopez.org
221450,Traci,Gray,Traci.Gray@velasquez-potts.info
115274,James,Kelley,James.Kelley@aguirre.net
407657,Richard,Armstrong,Richard.Armstrong@summers.com
459632,Rebecca,Lawrence,Rebecca.Lawrence@campbell-henderson.info
171865,Martin,Price,Martin.Price@hansen-gibson.net
383279,Mary,Burton,Mary.Burton@glass.biz
763460,Shannon,Terrell,Shannon.Terrell@robles.com
895828,Stephanie,Matthews,Stephanie.Matthews@jackson-chambers.net
363664,Aaron,Walker,Aaron.Walker@cooper.info
746622,Melissa,Garcia,Melissa.Garcia@foster-murray.com
289651,Austin,Flores,Austin.Flores@scott-smith.com
814710,Karen,Robles,Karen.Robles@young.org
683747,Melissa,Mcdonald,Melissa.Mcdonald@cruz-walker.biz
800648,Gabriela,Mcneil,Gabriela.Mcneil@young-green.org
767375,Matthew,Mcdowell,Matthew.Mcdowell@williams.info
406160,Sheri,Collins,Sheri.Collins@chang.com
924487,Emily,Richards,Emily.Richards@harris.net
520690,Sheryl,Ryan,Sheryl.Ryan@brown-dean.com
529511,Kayla,Hernandez,Kayla.Hernandez@barnes-williams.com
793778,Sarah,Perry,Sarah.Perry@davis.com
874851,Ryan,Hale,Ryan.Hale@richardson.com
678194,Michelle,Farley,Michelle.Farley@anthony.com
349528,Karen,Reed,Karen.Reed@howe-randall.com
374708,Jill,Cooper,Jill.Cooper@hahn.com
225484,Brenda,Martinez,Brenda.Martinez@hall.com
489389,Andrew,Mullins,Andrew.Mullins@brown-howard.com
723218,Cheryl,Horn,Cheryl.Horn@martin-montes.info
843031,Joseph,Ruiz,Joseph.Ruiz@weeks-gibbs.org
142369,Tyler,Harper,Tyler.Harper@king-hughes.net
49284,Jason,Cherry,Jason.Cherry@bowman-hamilton.net
661608,William,Evans,William.Evans@vance.com
204163,Daniel,Hayes,Daniel.Hayes@wilson.com
839603,Laura,Garrett,Laura.Garrett@coleman-lopez.com
459956,Anthony,Parsons,Anthony.Parsons@wilkerson-vincent.com
840291,Shawn,Carney,Shawn.Carney@barnes.net
358628,Bobby,Garcia,Bobby.Garcia@owens-hester.info
135289,Frank,Anderson,Frank.Anderson@barnes.info
399765,Lisa,Vincent,Lisa.Vincent@nelson.net
98958,Dennis,Steele,Dennis.Steele@williamson.info
376984,Charles,Scott,Charles.Scott@smith.com
469658,David,Lewis,David.Lewis@short-yoder.com
13505,Shannon,Dennis,Shannon.Dennis@osborne.org
146164,Kelsey,Thompson,Kelsey.Thompson@hernandez.com
769931,Jamie,Ross,Jamie.Ross@lee.net
394495,Christina,Cherry,Christina.Cherry@martinez.com
600178,William,Watkins,William.Watkins@moreno-jennings.info
661584,Riley,Frederick,Riley.Frederick@reyes-phillips.biz
657160,Michael,Griffith,Michael.Griffith@garcia-moore.com
737101,Joseph,Martinez,Joseph.Martinez@hernandez-martinez.org
437083,Mario,Davidson,Mario.Davidson@mullins-norton.com
614403,Danielle,Durham,Danielle.Durham@allen.info
610946,Julia,Ford,Julia.Ford@cruz.net
631412,Kim,Powers,Kim.Powers@hernandez.com
557721,Amber,Nguyen,Amber.Nguyen@brown.com
200505,Alison,Baker,Alison.Baker@baker-preston.com
912245,Kimberly,Salazar,Kimberly.Salazar@johnson.com
394492,Patricia,Romero,Patricia.Romero@smith.net
795488,Harold,Chapman,Harold.Chapman@benson.com
74999,Gregory,Murphy,Gregory.Murphy@pena-carter.com
411228,Sara,Cunningham,Sara.Cunningham@smith-anderson.com
100001,Yolanda,Rivers,Yolanda.Rivers@mack.com
959735,Anthony,Wallace,Anthony.Wallace@washington.info
112284,Stephanie,Rios,Stephanie.Rios@horton-york.com
222252,Tina,Bass,Tina.Bass@skinner.org
119213,Diana,Taylor,Diana.Taylor@turner.com
418873,Jonathan,Williams,Jonathan.Williams@hurst-williams.com
190458,Kimberly,Mcdaniel,Kimberly.Mcdaniel@howard.com
966664,Chloe,Taylor,Chloe.Taylor@mack.net
434848,Jason,Potter,Jason.Potter@shields.com
862114,Belinda,Allen,Belinda.Allen@lopez.com
443381,Terry,Carson,Terry.Carson@ray.com
292309,Fernando,Roman,Fernando.Roman@hernandez.info
789219,Mary,Fowler,Mary.Fowler@smith.com
574278,Mathew,Anderson,Mathew.Anderson@garcia.com
738981,Kenneth,Warner,Kenneth.Warner@hayden.info
714212,Erica,Jackson,Erica.Jackson@mendoza-davis.net
727559,Michelle,Lamb,Michelle.Lamb@smith.net
155696,Noah,Branch,Noah.Branch@hill.biz
6262,John,Donovan,John.Donovan@holt-johnson.com
95831,Sarah,Hubbard,Sarah.Hubbard@rivas.info
259746,Jeffrey,Fry,Jeffrey.Fry@cooper.org
610642,Gary,Osborn,Gary.Osborn@barton-lowery.com
229975,Mario,Nichols,Mario.Nichols@parker-hutchinson.com
689015,Tamara,Hernandez,Tamara.Hernandez@miller.com
835168,Jared,Mendez,Jared.Mendez@smith.biz
863800,Lisa,Nelson,Lisa.Nelson@vargas-gonzales.com
207863,April,Tate,April.Tate@doyle-barker.com
874326,Andrea,Smith,Andrea.Smith@mcdonald-warren.biz
830333,Susan,Smith,Susan.Smith@weeks-armstrong.com
239548,Billy,Schwartz,Billy.Schwartz@martin.com
93505,Robin,Lyons,Robin.Lyons@young.org
574787,Phyllis,Clark,Phyllis.Clark@guerrero-brown.com
886153,Sara,Moore,Sara.Moore@james.org
69418,Richard,Mccoy,Richard.Mccoy@soto.org
993719,Cindy,Small,Cindy.Small@rodriguez.com
510126,Bonnie,Wiley,Bonnie.Wiley@brown-miller.com
1703,Ronald,Wheeler,Ronald.Wheeler@flynn.com
729322,Christopher,Mcdaniel,Christopher.Mcdaniel@davis.com
679092,Katherine,Fleming,Katherine.Fleming@powell.org
419575,Stephanie,Wang,Stephanie.Wang@johnson-walker.biz
243182,Kenneth,Blanchard,Kenneth.Blanchard@ponce-kim.com
716692,Donald,Small,Donald.Small@daniels.info
351036,Frederick,Moore,Frederick.Moore@espinoza.com
982909,George,Roman,George.Roman@harrison.info
800198,Alyssa,Salas,Alyssa.Salas@berg.com
200488,Melissa,Miller,Melissa.Miller@lawrence.com
532057,Steven,Jones,Steven.Jones@hale.com
312246,Nicole,Moore,Nicole.Moore@wheeler-soto.biz
652840,Anthony,Sanford,Anthony.Sanford@garcia-lawrence.biz
193418,Amanda,Massey,Amanda.Massey@hurst-lee.com
91539,Tiffany,Washington,Tiffany.Washington@cobb.com
523826,Larry,Caldwell,Larry.Caldwell@ferrell-huber.com
12635,Brittany,Lawrence,Brittany.Lawrence@garcia.biz
552634,Kathryn,Edwards,Kathryn.Edwards@short-bradford.net
891615,Tyler,Wise,Tyler.Wise@bell.com
673410,Roy,Sanchez,Roy.Sanchez@jones.com
199233,Tanner,Davenport,Tanner.Davenport@larson-reid.com
543466,Kyle,Savage,Kyle.Savage@lee.com
469198,Melissa,Fowler,Melissa.Fowler@mccoy.com
845038,Ariel,Archer,Ariel.Archer@thomas.com
276812,Brian,Mitchell,Brian.Mitchell@evans-soto.com
853073,Rachel,Odom,Rachel.Odom@smith.com
273244,Manuel,Bruce,Manuel.Bruce@young.com
199315,Cynthia,Dickson,Cynthia.Dickson@kerr.biz
158841,Julie,Ballard,Julie.Ballard@page-flores.org
949717,Francisco,Miller,Francisco.Miller@stuart-rogers.net
715702,Taylor,Gomez,Taylor.Gomez@sanchez.biz
937316,George,Long,George.Long@davis-mcmillan.com
732101,Andrew,Jimenez,Andrew.Jimenez@weaver.org
649442,Joshua,Hutchinson,Joshua.Hutchinson@zamora.info
621963,Nicole,Santiago,Nicole.Santiago@huffman.biz
403293,John,Mcgee,John.Mcgee@andrews.com
707651,Natalie,Hardy,Natalie.Hardy@richardson.com
651670,John,Carrillo,John.Carrillo@gardner.com
208343,Jessica,Petty,Jessica.Petty@turner-simmons.net
988159,Jacqueline,Tran,Jacqueline.Tran@weaver.net
882184,Cheryl,Long,Cheryl.Long@long.com
158203,Alexander,Henson,Alexander.Henson@day.com
21888,Richard,Andrade,Richard.Andrade@duncan.info
395587,Phillip,Mcneil,Phillip.Mcneil@peters.biz
845148,Philip,Wilson,Philip.Wilson@carter-goodman.com
343620,Troy,Henderson,Troy.Henderson@harrison.com
637623,Michael,Smith,Michael.Smith@webb.info
186893,Diana,Jacobson,Diana.Jacobson@webb.net
424592,Kristin,Brown,Kristin.Brown@stevens.info
794571,Connor,Dalton,Connor.Dalton@fry.org
560449,Andrew,Schmidt,Andrew.Schmidt@williams-williams.com
96215,Christopher,Lopez,Christopher.Lopez@simmons.com
126544,Brittany,Murray,Brittany.Murray@mitchell-ellis.biz
312168,Monique,Maldonado,Monique.Maldonado@thompson.net
781553,Susan,Pitts,Susan.Pitts@yang-robinson.org
329476,Bridget,Young,Bridget.Young@rush.net
340031,Katherine,Harris,Katherine.Harris@wood.biz
829647,Kevin,Smith,Kevin.Smith@waters.com
53334,Richard,Nguyen,Richard.Nguyen@solomon-reynolds.com
919196,Michael,Moreno,Michael.Moreno@scott-campbell.com
868312,Samantha,Butler,Samantha.Butler@lynch.org
386878,James,Gonzales,James.Gonzales@sanchez.com
56032,Diana,Cunningham,Diana.Cunningham@bowman-hebert.com
301232,Heidi,Warner,Heidi.Warner@yoder.com
64619,Daniel,Mcneil,Daniel.Mcneil@daugherty.net
980577,Justin,Snow,Justin.Snow@jenkins-williams.com
355495,Kenneth,Taylor,Kenneth.Taylor@evans-khan.info
185915,Jessica,Braun,Jessica.Braun@moody.com
738953,Joseph,Cardenas,Joseph.Cardenas@underwood.com
10416,Calvin,Sullivan,Calvin.Sullivan@little.com
658660,John,Harvey,John.Harvey@johnson-morgan.com
83840,Richard,Perkins,Richard.Perkins@pennington-brown.com
572920,Meagan,Jensen,Meagan.Jensen@bowen-boyer.com
341543,Randall,Sanders,Randall.Sanders@davis-williams.com
400036,Kylie,Johnson,Kylie.Johnson@charles-humphrey.com
44375,Michael,Glover,Michael.Glover@levine.com
983593,Audrey,Adams,Audrey.Adams@arnold.com
56054,Jennifer,Brown,Jennifer.Brown@sandoval.org
43013,Sarah,Dyer,Sarah.Dyer@mccall.info
512274,Julie,Holder,Julie.Holder@bell-chase.net
244883,John,Wright,John.Wright@hammond-hobbs.org
358181,Kevin,Carlson,Kevin.Carlson@lewis.com
549904,Norman,Perry,Norman.Perry@smith-ellis.com
507674,Kevin,Mcmahon,Kevin.Mcmahon@hooper-walker.com
469569,Anna,Romero,Anna.Romero@campbell.info
776882,Kyle,Jones,Kyle.Jones@gray-sanders.com
139086,Jonathan,Wilcox,Jonathan.Wilcox@ray.info
849987,Levi,Norman,Levi.Norman@austin.com
73926,Patrick,Young,Patrick.Young@robinson.com
735929,William,Smith,William.Smith@pena.info
456866,Donald,Espinoza,Donald.Espinoza@hall.com
828295,Michael,Carr,Michael.Carr@heath.com
631763,Samuel,Ward,Samuel.Ward@parks-phillips.org
338737,Tammy,Miller,Tammy.Miller@farrell.com
972394,Matthew,Brewer,Matthew.Brewer@walters.net
942373,James,Collins,James.Collins@woods.com
102293,Paul,Murray,Paul.Murray@gilmore.com
584419,Darrell,Williams,Darrell.Williams@wheeler-dean.biz
1822,Elizabeth,Johnson,Elizabeth.Johnson@mitchell-miller.info
4547,Christopher,Walsh,Christopher.Walsh@gordon.org
419485,Amy,Lopez,Amy.Lopez@henderson.com
688175,Anthony,Myers,Anthony.Myers@kim.com
795081,Lindsay,Brown,Lindsay.Brown@fisher-howard.biz
51756,Jordan,Green,Jordan.Green@cisneros.com
